{"cameraMode":{"drawMode":0,"name":"Shaded","section":"Shading Mode"},"sceneLighting":true,"audioPlay":false,"sceneViewState":{"m_AlwaysRefresh":false,"showFog":true,"showSkybox":true,"showFlares":true,"showImageEffects":true,"showParticleSystems":true,"showVisualEffectGraphs":true,"m_FxEnabled":true},"in2DMode":false,"pivot":{"x":-1.3350701332092286,"y":1.1479922533035279,"z":0.49811601638793948},"rotation":{"x":0.18512719869613648,"y":0.12785176932811738,"z":-0.024294348433613778,"w":0.9740946292877197},"size":8.652377128601075,"orthographic":false}