{"cameraMode":{"drawMode":0,"name":"Shaded","section":"Shading Mode"},"sceneLighting":true,"audioPlay":false,"sceneViewState":{"m_AlwaysRefresh":false,"showFog":true,"showSkybox":true,"showFlares":true,"showImageEffects":true,"showParticleSystems":true,"showVisualEffectGraphs":true,"m_FxEnabled":true},"in2DMode":false,"pivot":{"x":-11.44754409790039,"y":18.238197326660158,"z":17.307113647460939},"rotation":{"x":0.22178567945957185,"y":0.118185855448246,"z":-0.026999708265066148,"w":0.9675944447517395},"size":80.82735443115235,"orthographic":false}