{"cameraMode":{"drawMode":0,"name":"Shaded","section":"Shading Mode"},"sceneLighting":true,"audioPlay":false,"sceneViewState":{"m_AlwaysRefresh":false,"showFog":true,"showSkybox":true,"showFlares":true,"showImageEffects":true,"showParticleSystems":true,"showVisualEffectGraphs":true,"m_FxEnabled":true},"in2DMode":false,"pivot":{"x":0.5484423637390137,"y":0.30782508850097659,"z":0.6678404808044434},"rotation":{"x":0.1821722835302353,"y":0.3564678430557251,"z":-0.07107912749052048,"w":0.9136467576026917},"size":9.707489013671875,"orthographic":false}