{"cameraMode":{"drawMode":0,"name":"Shaded","section":"Shading Mode"},"sceneLighting":true,"audioPlay":false,"sceneViewState":{"m_AlwaysRefresh":false,"showFog":true,"showSkybox":true,"showFlares":true,"showImageEffects":true,"showParticleSystems":true,"showVisualEffectGraphs":true,"m_FxEnabled":true},"in2DMode":false,"pivot":{"x":0.24758625030517579,"y":57.104061126708987,"z":-5.1919097900390629},"rotation":{"x":0.10813011229038239,"y":0.87128746509552,"z":-0.22179779410362245,"w":0.4243801236152649},"size":75.27445220947266,"orthographic":false}